{"accuracy": [0.8197852969169617, 0.8905291557312012, 0.907975435256958, 0.9233129024505615, 0.9363496899604797, 0.941717803478241], "loss": [0.6099492907524109, 0.38003072142601013, 0.3321928083896637, 0.274639755487442, 0.23663653433322906, 0.22482351958751678], "val_accuracy": [0.8285256624221802, 0.7227563858032227, 0.879807710647583, 0.8733974099159241, 0.8862179517745972, 0.8733974099159241], "val_loss": [0.3905133903026581, 1.2589226961135864, 0.4107803404331207, 0.53165602684021, 0.6039326786994934, 0.5396645665168762]}